Season,Squad,Comp,LgRank,MP,W,D,L,GF,GA,GD,Pts,Attendance,Goalkeeper,Top Team Scorers,Top Team Goals
2022,1,5,3.5,5.0,4.0,0.0,1.0,11.0,7.0,4.0,12.0,77256.0,['Marc-André ter Stegen'],"['Robert Lewandowski', 'Ousmane Dembélé']",2.0
2021,1,5,12.0,2.0,1.0,0.0,1.0,4.0,4.0,0.0,3.0,43216.0,['Marc-André ter Stegen'],"['Jutglà', 'Ousmane Dembélé']",1.0
2020,1,5,1.0,6.0,5.0,0.0,1.0,16.0,6.0,10.0,15.0,43216.0,['Marc-André ter Stegen'],"['Lionel Messi', 'Antoine Griezmann']",3.0
2019,1,5,5.0,3.0,2.0,0.0,1.0,7.0,2.0,5.0,6.0,43216.0,['Marc-André ter Stegen'],['Antoine Griezmann'],3.0
2018,1,5,2.0,9.0,5.0,1.0,3.0,20.0,9.0,11.0,16.0,10710.0,['Jasper Cillessen'],"['Philippe Coutinho', 'Luis Suárez']",3.0
2017,1,5,1.0,9.0,7.0,1.0,1.0,24.0,2.0,22.0,22.0,14752.0,['Jasper Cillessen'],['Luis Suárez'],5.0
2016,1,5,1.0,9.0,6.0,2.0,1.0,24.0,9.0,15.0,20.0,62355.0,['Jasper Cillessen'],['Lionel Messi'],5.0
2015,1,5,1.0,9.0,7.0,2.0,0.0,27.0,5.0,22.0,23.0,15333.0,['Marc-André ter Stegen'],"['Luis Suárez', 'Lionel Messi']",5.0
2014,1,5,1.0,9.0,9.0,0.0,0.0,34.0,6.0,28.0,27.0,6775.0,['Marc-André ter Stegen'],['Neymar'],7.0
2023,7,5,75.0,1.0,1.0,0.0,0.0,5.0,0.0,5.0,3.0,20124.0,['Pepe Reina'],['Manu Trigueros'],3.0
2022,7,5,12.0,4.0,3.0,0.0,1.0,18.0,5.0,13.0,9.0,20124.0,['Pepe Reina'],['Samuel Chukwueze'],4.0
2021,7,5,24.0,3.0,2.0,0.0,1.0,16.0,3.0,13.0,6.0,6370.0,['Gerónimo Rulli'],['Paco Alcácer'],3.0
2020,7,5,5.0,5.0,4.0,0.0,1.0,12.0,2.0,10.0,12.0,6370.0,['Gerónimo Rulli'],"['Yeremi Pino', 'Fernando Niño']",3.0
2019,7,5,5.0,5.0,4.0,0.0,1.0,14.0,5.0,9.0,12.0,6370.0,['Andrés Fernández'],['Santi Cazorla'],3.0
2018,7,5,9.0,4.0,1.0,2.0,1.0,14.0,8.0,6.0,5.0,6370.0,['Andrés Fernández'],['Karl Toko Ekambi'],5.0
2017,7,5,9.0,4.0,2.0,0.0,2.0,5.0,3.0,2.0,6.0,6061.0,['Mariano Barbosa'],['Cédric Bakambu'],2.0
2016,7,5,9.0,4.0,1.0,2.0,1.0,6.0,5.0,1.0,5.0,13228.0,"['Mariano Barbosa', 'Sergio Asenjo']","['Samu Castillejo', 'Roberto Soriano']",1.0
2015,7,5,9.0,4.0,1.0,0.0,3.0,6.0,7.0,-1.0,3.0,7500.0,['Mariano Barbosa'],"['Roberto Soldado', 'Samu García']",1.0
2014,7,5,3.0,8.0,5.0,1.0,2.0,12.0,9.0,3.0,16.0,3500.0,['Sergio Asenjo'],['Gerard Moreno'],5.0
2020,4,4,3.5,1.0,0.0,1.0,0.0,1.0,1.0,0.0,1.0,,['Álex Remiro'],['Mikel Oyarzabal'],1.0
2023,3,4,,0.0,0.0,0.0,0.0,,,,0.0,53916.0,,,
2022,3,4,,,,,,,,,,53916.0,['Thibaut Courtois'],['Karim Benzema'],2.0
2021,3,4,,2.0,2.0,0.0,0.0,5.0,2.0,3.0,6.0,59053.0,['Thibaut Courtois'],['Karim Benzema'],2.0
2020,3,4,3.5,1.0,0.0,0.0,1.0,1.0,2.0,-1.0,0.0,59053.0,['Thibaut Courtois'],['Karim Benzema'],1.0
2019,3,4,1.0,2.0,1.0,1.0,0.0,3.0,1.0,2.0,4.0,59053.0,['Thibaut Courtois'],"['Luka Modrić', 'Toni Kroos']",1.0
2017,3,4,1.0,2.0,2.0,0.0,0.0,5.0,1.0,4.0,6.0,75167.0,['Keylor Navas'],['Marco Asensio'],2.0
2023,5,0,13.0,12.0,2.0,6.0,4.0,18.0,17.0,1.0,12.0,37007.0,['Ørjan Nyland'],['Youssef En-Nesyri'],4.0
2022,5,0,12.0,38.0,13.0,10.0,15.0,47.0,54.0,-7.0,49.0,35566.0,['Yassine Bounou'],['Youssef En-Nesyri'],8.0
2021,5,0,4.0,38.0,18.0,16.0,4.0,53.0,30.0,23.0,70.0,29756.0,['Yassine Bounou'],['Rafa Mir'],10.0
2020,5,0,4.0,38.0,24.0,5.0,9.0,53.0,33.0,20.0,77.0,25016.0,['Yassine Bounou'],['Youssef En-Nesyri'],18.0
2019,5,0,4.0,38.0,19.0,13.0,6.0,54.0,34.0,20.0,70.0,25016.0,['Tomáš Vaclík'],['Lucas Ocampos'],14.0
2018,5,0,6.0,38.0,17.0,8.0,13.0,62.0,47.0,15.0,59.0,35993.0,['Tomáš Vaclík'],['Wissam Ben Yedder'],18.0
2017,5,0,7.0,38.0,17.0,7.0,14.0,49.0,58.0,-9.0,58.0,33006.0,['Sergio Rico'],['Wissam Ben Yedder'],9.0
2016,5,0,4.0,38.0,21.0,9.0,8.0,69.0,49.0,20.0,72.0,32783.0,['Sergio Rico'],['Wissam Ben Yedder'],11.0
2015,5,0,7.0,38.0,14.0,10.0,14.0,51.0,50.0,1.0,52.0,33134.0,['Sergio Rico'],['Kévin Gameiro'],16.0
2014,5,0,5.0,38.0,23.0,7.0,8.0,71.0,45.0,26.0,76.0,30874.0,['Sergio Rico'],['Carlos Bacca'],20.0
2013,5,0,5.0,38.0,18.0,9.0,11.0,69.0,52.0,17.0,63.0,30622.0,['Beto'],['Kévin Gameiro'],15.0
2012,5,0,9.0,38.0,14.0,8.0,16.0,58.0,54.0,4.0,50.0,27658.0,['Andrés Palop'],['Álvaro Negredo'],25.0
2011,5,0,9.0,38.0,13.0,11.0,14.0,48.0,47.0,1.0,50.0,35342.0,['Javi Varas'],['Álvaro Negredo'],14.0
2010,5,0,5.0,38.0,17.0,7.0,14.0,62.0,61.0,1.0,58.0,35789.0,['Javi Varas'],['Álvaro Negredo'],20.0
2009,5,0,4.0,38.0,19.0,6.0,13.0,65.0,49.0,16.0,63.0,38597.0,['Andrés Palop'],['Luís Fabiano'],15.0
2008,5,0,3.0,38.0,21.0,7.0,10.0,54.0,39.0,15.0,70.0,41910.0,['Andrés Palop'],['Frédéric Kanouté'],18.0
2007,5,0,5.0,38.0,20.0,4.0,14.0,75.0,49.0,26.0,64.0,39456.0,['Andrés Palop'],['Luís Fabiano'],24.0
2006,5,0,3.0,38.0,21.0,8.0,9.0,64.0,35.0,29.0,71.0,36363.0,['Andrés Palop'],['Frédéric Kanouté'],21.0
2005,5,0,5.0,38.0,20.0,8.0,10.0,54.0,39.0,15.0,68.0,35697.0,['Andrés Palop'],['Javier Saviola'],9.0
2004,5,0,6.0,38.0,17.0,9.0,12.0,44.0,41.0,3.0,60.0,37105.0,['Esteban'],['Júlio Baptista'],18.0
2003,5,0,6.0,38.0,15.0,10.0,13.0,56.0,45.0,11.0,55.0,36079.0,['Esteban'],['Júlio Baptista'],20.0
2002,5,0,10.0,38.0,13.0,11.0,14.0,38.0,39.0,-1.0,50.0,32209.0,['Antonio Notario'],['José Antonio Reyes'],9.0
2001,5,0,8.0,38.0,14.0,11.0,13.0,51.0,40.0,11.0,53.0,33158.0,['Antonio Notario'],['Moisés'],13.0
1999,5,0,20.0,38.0,5.0,13.0,20.0,42.0,67.0,-25.0,28.0,19394.0,"['Frode Olsen', 'Juan José Valencia']",['Juan Carlos'],12.0
1996,5,0,20.0,42.0,12.0,7.0,23.0,50.0,69.0,-19.0,43.0,19394.0,,['Salva Ballesta'],13.0
1995,5,0,12.0,42.0,11.0,15.0,16.0,43.0,55.0,-12.0,48.0,19394.0,,['Davor Šuker'],16.0
1994,5,0,5.0,38.0,16.0,11.0,11.0,55.0,41.0,14.0,43.0,19394.0,,['Davor Šuker'],17.0
1993,5,0,6.0,38.0,15.0,12.0,11.0,56.0,42.0,14.0,42.0,19394.0,,['Davor Šuker'],24.0
1992,5,0,7.0,38.0,17.0,9.0,12.0,46.0,44.0,2.0,43.0,19394.0,,['Davor Šuker'],12.0
1991,5,0,12.0,38.0,13.0,8.0,17.0,48.0,45.0,3.0,34.0,19394.0,,['Iván Zamorano'],12.0
1990,5,0,8.0,38.0,15.0,8.0,15.0,45.0,47.0,-2.0,38.0,19394.0,,['Toni Polster'],13.0
1989,5,0,6.0,38.0,18.0,7.0,13.0,64.0,46.0,18.0,43.0,19394.0,,['Toni Polster'],33.0
1988,5,0,9.0,38.0,13.0,12.0,13.0,38.0,39.0,-1.0,38.0,19394.0,,['Ramón Vázquez García'],10.0
2023,5,1,2.0,1.0,0.0,1.0,0.0,1.0,1.0,0.0,1.0,,['Yassine Bounou'],['Youssef En-Nesyri'],1.0
2020,5,1,2.0,1.0,0.0,0.0,1.0,1.0,2.0,-1.0,0.0,,['Yassine Bounou'],['Lucas Ocampos'],1.0
2016,5,1,2.0,1.0,0.0,0.0,1.0,2.0,3.0,-1.0,0.0,,['Sergio Rico'],"['Franco Vázquez', 'Yevhen Konoplyanka']",1.0
2015,5,1,2.0,1.0,0.0,1.0,1.0,4.0,5.0,-1.0,1.0,,['Beto'],"['José Antonio Reyes', 'Éver Banega']",1.0
2014,5,1,2.0,1.0,0.0,0.0,1.0,0.0,2.0,-2.0,0.0,,['Beto'],,
2007,5,1,2.0,1.0,0.0,0.0,1.0,1.0,3.0,-2.0,0.0,,,,
2006,5,1,1.0,1.0,1.0,0.0,0.0,3.0,0.0,3.0,3.0,,,,
2023,6,5,75.0,1.0,1.0,0.0,0.0,2.0,0.0,2.0,3.0,45040.0,['Jaume Doménech'],"['Pablo Gozalbez', 'Diego López']",1.0
2022,6,5,6.0,3.0,2.0,0.0,1.0,8.0,3.0,5.0,6.0,45040.0,['Giorgi Mamardashvili'],"['Edinson Cavani', 'Justin Kluivert']",2.0
2021,6,5,1.5,8.0,6.0,2.0,0.0,14.0,5.0,9.0,20.0,15296.0,['Jaume Doménech'],['Hugo Duro'],3.0
2020,6,5,9.0,4.0,3.0,0.0,1.0,10.0,6.0,4.0,9.0,5818.0,['Cristian'],['Gonçalo Guedes'],2.0
2019,6,5,5.0,3.0,1.0,1.0,1.0,2.0,2.0,0.0,4.0,5818.0,['Jaume Doménech'],"['Rodrigo', 'Maxi Gómez']",1.0
2018,6,5,1.0,9.0,6.0,1.0,2.0,15.0,8.0,7.0,19.0,5818.0,['Jaume Doménech'],['Rodrigo'],5.0
2017,6,5,3.0,8.0,4.0,1.0,3.0,14.0,8.0,6.0,13.0,6967.0,['Jaume Doménech'],"['Luciano Vietto', 'Rodrigo']",3.0
2016,6,5,9.0,4.0,2.0,0.0,2.0,7.0,8.0,-1.0,6.0,28000.0,['Jaume Doménech'],['Rodrigo'],2.0
2015,6,5,3.0,8.0,5.0,2.0,1.0,15.0,10.0,5.0,17.0,3750.0,['Mathew Ryan'],['Álvaro Negredo'],5.0
2014,6,5,9.0,4.0,2.0,1.0,1.0,8.0,8.0,0.0,7.0,17500.0,['Yoel'],['Paco Alcácer'],3.0
2023,4,5,75.0,1.0,1.0,0.0,0.0,1.0,0.0,1.0,3.0,23408.0,['Unai Marrero'],['Carlos Fernández'],1.0
2022,4,5,6.0,5.0,4.0,0.0,1.0,11.0,2.0,9.0,12.0,23408.0,['Álex Remiro'],['Roberto Navarro'],4.0
2021,4,5,6.0,5.0,4.0,0.0,1.0,12.0,6.0,6.0,12.0,28719.0,['Mathew Ryan'],['Mikel Oyarzabal'],3.0
2020,4,5,9.0,2.0,1.0,0.0,1.0,3.0,3.0,0.0,3.0,29359.0,['Álex Remiro'],['Willian José'],2.0
2019,4,5,1.0,8.0,8.0,0.0,0.0,25.0,5.0,20.0,24.0,29359.0,['Álex Remiro'],['Alexander Isak'],5.0
2018,4,5,9.0,4.0,1.0,3.0,0.0,5.0,3.0,2.0,6.0,10545.0,"['Gerónimo Rulli', 'Miguel Ángel Moyá']","['Adnan Januzaj', 'Igor Zubeldia']",1.0
2017,4,5,17.0,2.0,1.0,0.0,1.0,3.0,3.0,0.0,3.0,8819.0,['Toño Ramírez'],"['Juanmi', 'Sergio Canales']",1.0
2016,4,5,5.0,6.0,2.0,2.0,2.0,10.0,10.0,0.0,8.0,19345.0,['Gerónimo Rulli'],['Juanmi'],4.0
2015,4,5,17.0,2.0,0.0,1.0,1.0,2.0,3.0,-1.0,1.0,14478.0,['Oier Olazábal'],"['Sergio Canales', 'Bruma']",1.0
2014,4,5,9.0,4.0,1.0,2.0,1.0,4.0,3.0,1.0,5.0,8500.0,['Gerónimo Rulli'],['Alfreð Finnbogason'],2.0
2018,0,1,1.0,1.0,1.0,0.0,0.0,4.0,2.0,2.0,3.0,,['Jan Oblak'],['Diego Costa'],2.0
2012,0,1,1.0,1.0,1.0,0.0,0.0,4.0,1.0,3.0,3.0,,,,
2010,0,1,1.0,1.0,1.0,0.0,0.0,2.0,0.0,2.0,3.0,,,,
2022,0,5,6.0,5.0,4.0,0.0,1.0,10.0,4.0,6.0,12.0,15707.0,['Jan Oblak'],"['Álvaro Morata', 'Yannick Carrasco']",2.0
2021,0,5,12.0,2.0,1.0,0.0,1.0,5.0,2.0,3.0,3.0,15707.0,['Jan Oblak'],"['Luis Suárez', 'Renan Lodi']",1.0
2020,0,5,33.0,2.0,1.0,0.0,1.0,3.0,1.0,2.0,3.0,15707.0,"['San Román', 'Ivo Grbić']","['Šime Vrsaljko', 'Thomas Lemar']",1.0
2019,0,5,17.0,1.0,0.0,0.0,1.0,1.0,2.0,-1.0,0.0,15707.0,['Antonio Adán'],['Ángel Correa'],1.0
2018,0,5,9.0,4.0,2.0,2.0,0.0,9.0,4.0,5.0,8.0,15707.0,['Antonio Adán'],"['Nikola Kalinić', 'Antoine Griezmann']",2.0
2017,0,5,5.0,6.0,3.0,1.0,2.0,13.0,6.0,7.0,10.0,9344.0,['Miguel Ángel Moyá'],['Fernando Torres'],3.0
2016,0,5,3.0,8.0,4.0,2.0,2.0,21.0,9.0,12.0,14.0,29446.0,['Miguel Ángel Moyá'],"['Antoine Griezmann', 'Ángel Correa']",4.0
2015,0,5,5.0,6.0,3.0,2.0,1.0,9.0,5.0,4.0,11.0,6000.0,['Miguel Ángel Moyá'],['Antoine Griezmann'],3.0
2014,0,5,5.0,6.0,2.0,2.0,2.0,11.0,8.0,3.0,8.0,17000.0,['Jan Oblak'],['Fernando Torres'],3.0
2023,4,0,6.0,13.0,6.0,4.0,3.0,23.0,16.0,7.0,22.0,32234.0,['Álex Remiro'],['Mikel Oyarzabal'],7.0
2022,4,0,4.0,38.0,21.0,8.0,9.0,51.0,35.0,16.0,71.0,32189.0,['Álex Remiro'],['Alexander Sørloth'],12.0
2021,4,0,6.0,38.0,17.0,11.0,10.0,40.0,37.0,3.0,62.0,26813.0,['Álex Remiro'],['Mikel Oyarzabal'],9.0
2020,4,0,5.0,38.0,17.0,11.0,10.0,59.0,38.0,21.0,62.0,21204.0,['Álex Remiro'],['Alexander Isak'],17.0
2019,4,0,6.0,38.0,16.0,8.0,14.0,56.0,48.0,8.0,56.0,21204.0,['Álex Remiro'],['Willian José'],11.0
2018,4,0,9.0,38.0,13.0,11.0,14.0,45.0,46.0,-1.0,50.0,22310.0,['Gerónimo Rulli'],['Mikel Oyarzabal'],13.0
2017,4,0,12.0,38.0,14.0,7.0,17.0,66.0,59.0,7.0,49.0,19793.0,['Gerónimo Rulli'],['Willian José'],15.0
2016,4,0,6.0,38.0,19.0,7.0,12.0,59.0,53.0,6.0,64.0,21473.0,['Gerónimo Rulli'],['Willian José'],12.0
2015,4,0,9.0,38.0,13.0,9.0,16.0,45.0,48.0,-3.0,48.0,20603.0,['Gerónimo Rulli'],['Imanol Agirretxe'],13.0
2014,4,0,12.0,38.0,11.0,13.0,14.0,44.0,51.0,-7.0,46.0,21867.0,['Gerónimo Rulli'],['Carlos Vela'],9.0
2013,4,0,7.0,38.0,16.0,11.0,11.0,62.0,55.0,7.0,59.0,23545.0,['Claudio Bravo'],"['Antoine Griezmann', 'Carlos Vela']",16.0
2012,4,0,4.0,38.0,18.0,12.0,8.0,70.0,49.0,21.0,66.0,21482.0,['Claudio Bravo'],['Carlos Vela'],14.0
2011,4,0,12.0,38.0,12.0,11.0,15.0,46.0,52.0,-6.0,47.0,24866.0,['Claudio Bravo'],['Carlos Vela'],12.0
2010,4,0,15.0,38.0,14.0,3.0,21.0,49.0,66.0,-17.0,45.0,25227.0,['Claudio Bravo'],"['Antoine Griezmann', 'Xabi Prieto']",7.0
2009,4,6,1.0,42.0,20.0,14.0,8.0,53.0,37.0,16.0,74.0,19927.0,['Claudio Bravo'],['Carlos Bueno'],12.0
2008,4,6,6.0,42.0,17.0,16.0,9.0,48.0,38.0,10.0,67.0,17083.0,['Claudio Bravo'],['Sebastián Abreu'],11.0
2007,4,6,4.0,42.0,18.0,14.0,10.0,55.0,39.0,16.0,68.0,20129.0,['Asier Riesgo'],['Iñigo Díaz de Cerio'],16.0
2006,4,0,19.0,38.0,8.0,11.0,19.0,32.0,47.0,-15.0,35.0,24481.0,['Claudio Bravo'],['Sávio'],5.0
2005,4,0,16.0,38.0,11.0,7.0,20.0,48.0,65.0,-17.0,40.0,22509.0,['Asier Riesgo'],['Xabi Prieto'],9.0
2004,4,0,14.0,38.0,13.0,8.0,17.0,47.0,56.0,-9.0,47.0,19717.0,['Asier Riesgo'],['Nihat Kahveci'],13.0
2003,4,0,15.0,38.0,11.0,13.0,14.0,49.0,53.0,-4.0,46.0,25564.0,['Sander Westerveld'],['Nihat Kahveci'],13.0
2002,4,0,2.0,38.0,22.0,10.0,6.0,71.0,45.0,26.0,76.0,27340.0,['Sander Westerveld'],['Nihat Kahveci'],23.0
2001,4,0,13.0,38.0,13.0,8.0,17.0,48.0,54.0,-6.0,47.0,24885.0,['Sander Westerveld'],['Darko Kovačević'],8.0
2000,4,0,13.0,38.0,11.0,10.0,17.0,52.0,68.0,-16.0,43.0,25000.0,['Alberto'],['Edgaras Jankauskas'],11.0
1999,4,0,13.0,38.0,11.0,14.0,13.0,42.0,49.0,-7.0,47.0,21666.0,['Alberto'],['Óscar de Paula'],9.0
1998,4,0,10.0,38.0,14.0,12.0,12.0,47.0,43.0,4.0,54.0,21666.0,,['Darko Kovačević'],16.0
1997,4,0,3.0,38.0,16.0,15.0,7.0,60.0,37.0,23.0,63.0,21666.0,,['Darko Kovačević'],17.0
1996,4,0,8.0,42.0,18.0,9.0,15.0,50.0,47.0,3.0,63.0,21666.0,,"['Gheorghe Craioveanu', 'Javier de Pedro']",8.0
1995,4,0,7.0,42.0,17.0,12.0,13.0,62.0,53.0,9.0,63.0,21666.0,,['Valeri Karpin'],13.0
1994,4,0,11.0,38.0,12.0,14.0,12.0,56.0,44.0,12.0,38.0,21666.0,,['Meho Kodro'],25.0
1993,4,0,11.0,38.0,12.0,12.0,14.0,39.0,47.0,-8.0,36.0,21666.0,,['Meho Kodro'],23.0
1992,4,0,13.0,38.0,13.0,8.0,17.0,46.0,59.0,-13.0,34.0,21666.0,,['Meho Kodro'],12.0
1991,4,0,5.0,38.0,16.0,12.0,10.0,44.0,38.0,6.0,44.0,21666.0,,['Meho Kodro'],13.0
1990,4,0,13.0,38.0,11.0,14.0,13.0,39.0,45.0,-6.0,36.0,21666.0,,['John Aldridge'],17.0
1989,4,0,5.0,38.0,15.0,14.0,9.0,43.0,35.0,8.0,44.0,21666.0,,['John Aldridge'],16.0
1988,4,0,11.0,38.0,11.0,14.0,13.0,38.0,47.0,-9.0,36.0,21666.0,,['Mikel Loinaz'],8.0
2023,0,0,4.0,12.0,9.0,1.0,2.0,29.0,12.0,17.0,28.0,58486.0,['Jan Oblak'],['Antoine Griezmann'],8.0
2022,0,0,3.0,38.0,23.0,8.0,7.0,70.0,33.0,37.0,77.0,55800.0,['Jan Oblak'],['Antoine Griezmann'],15.0
2021,0,0,3.0,38.0,21.0,8.0,9.0,65.0,43.0,22.0,71.0,48039.0,['Jan Oblak'],['Ángel Correa'],12.0
2020,0,0,1.0,38.0,26.0,8.0,4.0,67.0,25.0,42.0,86.0,42236.0,['Jan Oblak'],['Luis Suárez'],21.0
2019,0,0,3.0,38.0,18.0,16.0,4.0,51.0,27.0,24.0,70.0,42236.0,['Jan Oblak'],['Álvaro Morata'],12.0
2018,0,0,2.0,38.0,22.0,10.0,6.0,55.0,29.0,26.0,76.0,56216.0,['Jan Oblak'],['Antoine Griezmann'],15.0
2017,0,0,2.0,38.0,23.0,10.0,5.0,58.0,22.0,36.0,79.0,52707.0,['Jan Oblak'],['Antoine Griezmann'],19.0
2016,0,0,3.0,38.0,23.0,9.0,6.0,70.0,27.0,43.0,78.0,44737.0,['Jan Oblak'],['Antoine Griezmann'],16.0
2015,0,0,3.0,38.0,28.0,4.0,6.0,63.0,18.0,45.0,88.0,46902.0,['Jan Oblak'],['Antoine Griezmann'],22.0
2014,0,0,3.0,38.0,23.0,9.0,6.0,67.0,29.0,38.0,78.0,46532.0,['Miguel Ángel Moyá'],['Antoine Griezmann'],22.0
2013,0,0,1.0,38.0,28.0,6.0,4.0,77.0,26.0,51.0,90.0,46247.0,['Thibaut Courtois'],['Diego Costa'],27.0
2012,0,0,3.0,38.0,23.0,7.0,8.0,65.0,31.0,34.0,76.0,40868.0,['Thibaut Courtois'],['Radamel Falcao'],28.0
2011,0,0,5.0,38.0,15.0,11.0,12.0,53.0,46.0,7.0,56.0,45236.0,['Thibaut Courtois'],['Radamel Falcao'],24.0
2010,0,0,7.0,38.0,17.0,7.0,14.0,62.0,53.0,9.0,58.0,41526.0,['David de Gea'],['Sergio Agüero'],20.0
2009,0,0,9.0,38.0,13.0,8.0,17.0,57.0,61.0,-4.0,47.0,40324.0,['David de Gea'],['Diego Forlán'],18.0
2008,0,0,4.0,38.0,20.0,7.0,11.0,80.0,57.0,23.0,67.0,44082.0,['Leo Franco'],['Diego Forlán'],32.0
2007,0,0,4.0,38.0,19.0,7.0,12.0,66.0,47.0,19.0,64.0,44447.0,['Christian Abbiati'],['Sergio Agüero'],20.0
2006,0,0,7.0,38.0,17.0,9.0,12.0,46.0,39.0,7.0,60.0,41425.0,['Leo Franco'],['Fernando Torres'],15.0
2005,0,0,10.0,38.0,13.0,13.0,12.0,45.0,37.0,8.0,52.0,32526.0,['Leo Franco'],['Fernando Torres'],13.0
2004,0,0,11.0,38.0,13.0,11.0,14.0,40.0,34.0,6.0,50.0,37008.0,['Leo Franco'],['Fernando Torres'],16.0
2003,0,0,7.0,38.0,15.0,10.0,13.0,51.0,53.0,-2.0,55.0,44926.0,['Sergio Aragoneses'],['Fernando Torres'],19.0
2002,0,0,12.0,38.0,12.0,11.0,15.0,51.0,56.0,-5.0,47.0,47261.0,['Esteban'],['Fernando Torres'],13.0
2001,0,6,1.0,42.0,23.0,10.0,9.0,68.0,44.0,24.0,79.0,41905.0,['Germán Burgos'],['Diego Alonso'],22.0
1999,0,0,19.0,38.0,9.0,11.0,18.0,48.0,64.0,-16.0,38.0,36245.0,['José Molina'],['Jimmy Floyd Hasselbaink'],24.0
1998,0,0,13.0,38.0,12.0,10.0,16.0,54.0,50.0,4.0,46.0,36245.0,,['José Mari'],9.0
1997,0,0,7.0,38.0,16.0,12.0,10.0,79.0,56.0,23.0,60.0,36245.0,,['Christian Vieri'],24.0
1996,0,0,5.0,42.0,20.0,11.0,11.0,76.0,64.0,12.0,71.0,36245.0,,['Juan Esnáider'],16.0
1995,0,0,1.0,42.0,26.0,9.0,7.0,75.0,32.0,43.0,87.0,36245.0,,['Lyuboslav Penev'],16.0
1994,0,0,14.0,38.0,13.0,9.0,16.0,56.0,54.0,2.0,35.0,36245.0,,"['José Luis Caminero', 'Kiko']",9.0
1993,0,0,12.0,38.0,13.0,9.0,16.0,54.0,54.0,0.0,35.0,36245.0,,['Luis García Postigo'],11.0
1992,0,0,6.0,38.0,16.0,11.0,11.0,52.0,42.0,10.0,43.0,36245.0,,['Luis García Postigo'],17.0
1991,0,0,3.0,38.0,24.0,5.0,9.0,67.0,35.0,32.0,53.0,36245.0,,['Manolo'],27.0
1990,0,0,2.0,38.0,17.0,13.0,8.0,52.0,28.0,24.0,47.0,36245.0,,['Manolo'],16.0
1989,0,0,4.0,38.0,20.0,10.0,8.0,55.0,35.0,20.0,50.0,36245.0,,['Baltazar Maria de Morais Júnior'],18.0
1988,0,0,4.0,38.0,19.0,8.0,11.0,69.0,45.0,24.0,46.0,36245.0,,['Baltazar Maria de Morais Júnior'],35.0
2023,0,2,48.0,4.0,2.0,2.0,0.0,12.0,5.0,7.0,8.0,61303.0,['Jan Oblak'],['Álvaro Morata'],5.0
2022,0,2,48.0,6.0,1.0,2.0,3.0,5.0,9.0,-4.0,5.0,58797.0,['Jan Oblak'],"['Antoine Griezmann', 'Yannick Carrasco']",1.0
2021,0,2,6.0,10.0,3.0,3.0,4.0,9.0,10.0,-1.0,12.0,58158.0,['Jan Oblak'],['Antoine Griezmann'],4.0
2020,0,2,12.0,8.0,2.0,3.0,3.0,7.0,11.0,-4.0,9.0,62232.0,['Jan Oblak'],['João Félix'],3.0
2019,0,2,6.0,9.0,5.0,1.0,3.0,13.0,9.0,4.0,16.0,62232.0,['Jan Oblak'],"['Álvaro Morata', 'João Félix']",3.0
2018,0,2,12.0,8.0,5.0,1.0,2.0,11.0,9.0,2.0,16.0,60068.0,['Jan Oblak'],['Antoine Griezmann'],4.0
2017,0,3,1.0,9.0,7.0,1.0,1.0,20.0,4.0,16.0,22.0,67433.0,['Jan Oblak'],['Antoine Griezmann'],6.0
2017,0,2,48.0,6.0,1.0,4.0,1.0,5.0,4.0,1.0,7.0,57596.0,['Jan Oblak'],['Antoine Griezmann'],2.0
2016,0,2,3.5,12.0,9.0,1.0,2.0,18.0,10.0,8.0,28.0,46751.0,['Jan Oblak'],['Antoine Griezmann'],6.0
2015,0,2,1.5,13.0,6.0,4.0,3.0,17.0,8.0,9.0,22.0,44276.0,['Jan Oblak'],['Antoine Griezmann'],7.0
2014,0,2,6.0,10.0,5.0,2.0,3.0,15.0,5.0,10.0,17.0,43954.0,['Miguel Ángel Moyá'],['Mario Mandžukić'],5.0
2013,0,2,1.5,13.0,7.0,5.0,1.0,26.0,10.0,16.0,26.0,43994.0,['Thibaut Courtois'],['Diego Costa'],8.0
2012,0,3,24.0,8.0,5.0,0.0,3.0,8.0,6.0,2.0,15.0,16250.0,['Sergio Asenjo'],"['Raúl García', 'Diego Costa']",2.0
2011,0,3,1.0,19.0,16.0,2.0,1.0,43.0,11.0,32.0,50.0,33681.0,['Thibaut Courtois'],['Radamel Falcao'],12.0
2010,0,3,48.0,6.0,2.0,2.0,2.0,9.0,7.0,2.0,8.0,26667.0,['David de Gea'],['Sergio Agüero'],3.0
2009,0,3,1.0,9.0,3.0,5.0,1.0,11.0,9.0,2.0,14.0,51104.0,['David de Gea'],['Diego Forlán'],6.0
2009,0,2,48.0,8.0,1.0,4.0,3.0,8.0,14.0,-6.0,7.0,33543.0,['Sergio Asenjo'],['Sergio Agüero'],2.0
2008,0,2,12.0,10.0,4.0,5.0,1.0,15.0,7.0,8.0,17.0,49197.0,['Leo Franco'],"['Sergio Agüero', 'Maxi Rodríguez']",3.0
2007,0,3,24.0,10.0,7.0,2.0,1.0,23.0,6.0,17.0,23.0,51104.0,,['Sergio Agüero'],5.0
1999,0,3,93.75,8.0,5.0,1.0,2.0,17.0,11.0,6.0,16.0,51104.0,,['Jimmy Floyd Hasselbaink'],7.0
1998,0,3,3.5,10.0,7.0,0.0,3.0,19.0,12.0,7.0,21.0,51104.0,,"['Juninho Paulista', 'Roberto Fresnedoso']",4.0
1997,0,3,3.5,10.0,5.0,3.0,2.0,17.0,11.0,6.0,18.0,51104.0,,['Christian Vieri'],5.0
1996,0,2,6.0,8.0,4.0,2.0,2.0,15.0,8.0,7.0,14.0,49197.0,,['Milinko Pantić'],5.0
1993,0,3,117.1875,4.0,2.0,0.0,2.0,5.0,4.0,1.0,6.0,51104.0,,['Luis García Postigo'],2.0
1990,0,3,75.0,2.0,1.0,0.0,1.0,1.0,2.0,-1.0,3.0,51104.0,,['Juanito'],1.0
2018,5,4,2.0,1.0,0.0,0.0,1.0,1.0,2.0,-1.0,0.0,36311.0,['Tomáš Vaclík'],['Pablo Sarabia'],1.0
2016,5,4,2.0,2.0,0.0,0.0,2.0,0.0,5.0,-5.0,0.0,36311.0,['Sergio Rico'],,
2023,2,0,11.0,13.0,3.0,7.0,3.0,15.0,17.0,-2.0,16.0,11546.0,['David Soria'],['Borja Mayoral'],7.0
2022,2,0,15.0,38.0,10.0,12.0,16.0,34.0,45.0,-11.0,42.0,11592.0,['David Soria'],['Enes Ünal'],14.0
2021,2,0,15.0,38.0,8.0,15.0,15.0,33.0,41.0,-8.0,39.0,8702.0,['David Soria'],['Enes Ünal'],16.0
2020,2,0,15.0,38.0,9.0,11.0,18.0,28.0,43.0,-15.0,38.0,8000.0,['David Soria'],"['Ángel Rodríguez', 'Jaime Mata']",5.0
2019,2,0,8.0,38.0,14.0,12.0,12.0,43.0,37.0,6.0,54.0,8000.0,['David Soria'],['Jaime Mata'],11.0
2018,2,0,5.0,38.0,15.0,14.0,9.0,48.0,35.0,13.0,59.0,11000.0,['David Soria'],"['Jorge Molina', 'Jaime Mata']",14.0
2017,2,0,8.0,38.0,15.0,10.0,13.0,42.0,33.0,9.0,55.0,10428.0,['Vicente Guaita'],['Ángel Rodríguez'],13.0
2016,2,6,3.0,42.0,18.0,14.0,10.0,55.0,43.0,12.0,68.0,6595.0,['Alberto García'],['Jorge Molina'],20.0
2015,2,0,19.0,38.0,9.0,9.0,20.0,37.0,67.0,-30.0,36.0,7498.0,['Vicente Guaita'],['Pablo Sarabia'],7.0
2014,2,0,15.0,38.0,10.0,7.0,21.0,33.0,64.0,-31.0,37.0,7293.0,['Vicente Guaita'],['Álvaro Vázquez'],7.0
2013,2,0,13.0,38.0,11.0,9.0,18.0,35.0,54.0,-19.0,42.0,7295.0,['Miguel Ángel Moyá'],"['Ángel Lafita', 'Pedro León']",7.0
2012,2,0,10.0,38.0,13.0,8.0,17.0,43.0,57.0,-14.0,47.0,7718.0,['Miguel Ángel Moyá'],['Diego Castro'],7.0
2011,2,0,11.0,38.0,12.0,11.0,15.0,40.0,51.0,-11.0,47.0,10736.0,['Miguel Ángel Moyá'],['Miku'],12.0
2010,2,0,16.0,38.0,12.0,8.0,18.0,49.0,60.0,-11.0,44.0,11132.0,['Jordi Codina'],['Manu del Moral'],9.0
2009,2,0,6.0,38.0,17.0,7.0,14.0,58.0,48.0,10.0,58.0,10863.0,['Jordi Codina'],['Roberto Soldado'],16.0
2008,2,0,17.0,38.0,10.0,12.0,16.0,50.0,56.0,-6.0,42.0,11026.0,['Jacobo'],['Roberto Soldado'],13.0
2007,2,0,14.0,38.0,12.0,11.0,15.0,44.0,48.0,-4.0,47.0,11120.0,['Pato Abbondanzieri'],"['Juan Ángel Albín', 'Manu del Moral']",7.0
2006,2,0,9.0,38.0,14.0,10.0,14.0,39.0,33.0,6.0,52.0,11928.0,['Pato Abbondanzieri'],['Dani Güiza'],11.0
2005,2,0,9.0,38.0,15.0,9.0,14.0,54.0,49.0,5.0,54.0,11605.0,['Luis García'],"['Veljko Paunović', 'Mariano Pernía']",10.0
2004,2,0,13.0,38.0,12.0,11.0,15.0,38.0,46.0,-8.0,47.0,13447.0,['Javier Sánchez Broto'],"['Míchel', 'Sergio Pachón']",5.0
2003,2,6,2.0,42.0,20.0,16.0,6.0,55.0,38.0,17.0,76.0,7048.0,"['Sergio Sánchez', 'Sergio Aragoneses']",['Míchel'],15.0
2002,2,6,11.0,42.0,13.0,14.0,15.0,52.0,55.0,-3.0,53.0,5324.0,['Ángel Pindado'],"['Gheorghe Craioveanu', 'Ángel Vivar Dorado']",9.0
2023,5,2,48.0,4.0,0.0,2.0,2.0,4.0,7.0,-3.0,2.0,36570.0,"['Ørjan Nyland', 'Marko Dmitrović']",['Nemanja Gudelj'],2.0
2022,5,3,1.0,9.0,4.0,3.0,2.0,14.0,8.0,6.0,15.0,34558.0,['Yassine Bounou'],['Youssef En-Nesyri'],4.0
2022,5,2,48.0,6.0,1.0,2.0,3.0,6.0,12.0,-6.0,5.0,34415.0,['Yassine Bounou'],['Youssef En-Nesyri'],2.0
2021,5,3,12.0,4.0,2.0,0.0,2.0,4.0,4.0,0.0,6.0,31550.0,['Yassine Bounou'],"['Anthony Martial', 'Lucas Ocampos']",1.0
2021,5,2,48.0,6.0,1.0,3.0,2.0,5.0,5.0,0.0,6.0,25468.0,['Yassine Bounou'],['Ivan Rakitić'],2.0
2020,5,2,12.0,8.0,4.0,2.0,2.0,13.0,13.0,0.0,14.0,38512.0,['Yassine Bounou'],['Youssef En-Nesyri'],6.0
2019,5,3,1.0,12.0,9.0,2.0,1.0,23.0,7.0,16.0,29.0,17886.0,['Yassine Bounou'],['Munir El Haddadi'],5.0
2018,5,3,12.0,10.0,6.0,1.0,3.0,26.0,12.0,14.0,19.0,31811.0,['Tomáš Vaclík'],['Wissam Ben Yedder'],8.0
2017,5,2,6.0,10.0,3.0,5.0,2.0,15.0,15.0,0.0,14.0,38512.0,['Sergio Rico'],['Wissam Ben Yedder'],8.0
2016,5,2,12.0,8.0,4.0,2.0,2.0,9.0,6.0,3.0,14.0,37433.0,['Sergio Rico'],['Wissam Ben Yedder'],2.0
2015,5,2,48.0,6.0,2.0,0.0,4.0,8.0,11.0,-3.0,6.0,37267.0,['Sergio Rico'],"['Yevhen Konoplyanka', 'Éver Banega']",2.0
2015,5,3,1.0,9.0,5.0,2.0,2.0,17.0,8.0,9.0,17.0,36079.0,['David Soria'],['Kévin Gameiro'],8.0
2014,5,3,1.0,15.0,11.0,3.0,1.0,29.0,14.0,15.0,36.0,35425.0,['Sergio Rico'],['Carlos Bacca'],7.0
2013,5,3,1.0,19.0,9.0,7.0,3.0,40.0,16.0,24.0,34.0,28135.0,['Beto'],['Kévin Gameiro'],5.0
2010,5,3,24.0,8.0,4.0,1.0,3.0,12.0,9.0,3.0,13.0,35000.0,['Andrés Palop'],['Frédéric Kanouté'],5.0
2009,5,2,12.0,8.0,4.0,3.0,1.0,13.0,7.0,6.0,15.0,39375.0,['Andrés Palop'],"['Luís Fabiano', 'Frédéric Kanouté']",2.0
2008,5,3,48.0,6.0,4.0,0.0,2.0,9.0,2.0,7.0,12.0,35000.0,,"['Frédéric Kanouté', 'Renato']",2.0
2007,5,2,12.0,10.0,8.0,0.0,2.0,25.0,13.0,12.0,24.0,38188.0,['Andrés Palop'],['Frédéric Kanouté'],5.0
2006,5,3,1.0,15.0,9.0,4.0,2.0,29.0,13.0,16.0,31.0,35000.0,,"['Frédéric Kanouté', 'Javier Chevantón']",4.0
2005,5,3,1.0,15.0,9.0,4.0,2.0,25.0,7.0,18.0,31.0,35000.0,,"['Frédéric Kanouté', 'Javier Saviola']",6.0
2004,5,3,12.0,10.0,5.0,2.0,3.0,12.0,7.0,5.0,17.0,35000.0,,['Júlio Baptista'],5.0
1995,5,3,60.0,6.0,2.0,2.0,2.0,7.0,7.0,0.0,8.0,35000.0,,['Davor Šuker'],4.0
1990,5,3,117.1875,4.0,1.0,2.0,1.0,3.0,4.0,-1.0,5.0,35000.0,,"['Pablo Bengoechea', 'Ramón Vázquez García']",1.0
2022,3,5,1.0,6.0,5.0,0.0,1.0,13.0,5.0,8.0,15.0,61193.0,['Thibaut Courtois'],"['Karim Benzema', 'Rodrygo']",4.0
2021,3,5,6.0,3.0,2.0,0.0,1.0,5.0,3.0,2.0,6.0,64012.0,['Andriy Lunin'],"['Eden Hazard', 'Éder Militão']",1.0
2020,3,5,17.0,1.0,0.0,0.0,1.0,1.0,2.0,-1.0,0.0,64012.0,['Andriy Lunin'],['Éder Militão'],1.0
2019,3,5,5.0,3.0,2.0,0.0,1.0,10.0,5.0,5.0,6.0,64012.0,['Alphonse Areola'],"['Lucas Vázquez', 'Raphaël Varane']",1.0
2018,3,5,3.0,8.0,5.0,1.0,2.0,21.0,9.0,12.0,16.0,11058.0,['Keylor Navas'],['Karim Benzema'],4.0
2017,3,5,5.0,6.0,3.0,2.0,1.0,11.0,6.0,5.0,11.0,12518.0,['Kiko Casilla'],"['Lucas Vázquez', 'Borja Mayoral']",3.0
2016,3,5,5.0,6.0,3.0,2.0,1.0,22.0,9.0,13.0,11.0,61607.0,['Kiko Casilla'],['Mariano'],4.0
2015,3,5,17.0,1.0,1.0,0.0,0.0,3.0,1.0,2.0,3.0,40500.0,['Kiko Casilla'],['Isco'],2.0
2014,3,5,9.0,4.0,2.0,1.0,1.0,11.0,5.0,6.0,7.0,40500.0,['Keylor Navas'],"['Raphaël Varane', 'James Rodríguez']",2.0
2023,1,4,,0.0,0.0,0.0,0.0,,,,0.0,58410.0,,,
2022,1,4,,,,,,,,,,58410.0,['Marc-André ter Stegen'],['Robert Lewandowski'],2.0
2021,1,4,,1.0,0.0,0.0,1.0,2.0,3.0,-1.0,0.0,58410.0,['Marc-André ter Stegen'],"['Luuk de Jong', 'Ansu Fati']",1.0
2020,1,4,1.5,2.0,0.0,1.0,1.0,3.0,4.0,-1.0,1.0,58410.0,['Marc-André ter Stegen'],['Antoine Griezmann'],2.0
2019,1,4,3.5,1.0,0.0,0.0,1.0,2.0,3.0,-1.0,0.0,58410.0,['Neto'],"['Lionel Messi', 'Antoine Griezmann']",1.0
2018,1,4,1.0,1.0,1.0,0.0,0.0,2.0,1.0,1.0,3.0,71803.0,['Marc-André ter Stegen'],"['Gerard Piqué', 'Ousmane Dembélé']",1.0
2017,1,4,2.0,2.0,0.0,0.0,2.0,1.0,5.0,-4.0,0.0,71803.0,['Marc-André ter Stegen'],['Lionel Messi'],1.0
2016,1,4,1.0,2.0,2.0,0.0,0.0,5.0,0.0,5.0,6.0,71803.0,['Claudio Bravo'],['Arda Turan'],2.0
2015,1,4,2.0,2.0,0.0,1.0,1.0,1.0,5.0,-4.0,1.0,88834.0,"['Claudio Bravo', 'Marc-André ter Stegen']",['Lionel Messi'],1.0
2023,0,4,,0.0,0.0,0.0,0.0,,,,0.0,,,,
2021,0,4,,1.0,0.0,0.0,1.0,1.0,2.0,-1.0,0.0,,['Jan Oblak'],,
2019,0,4,1.5,2.0,1.0,1.0,0.0,3.0,2.0,1.0,4.0,,['Jan Oblak'],"['Koke', 'Álvaro Morata']",1.0
2022,3,1,1.0,1.0,1.0,0.0,0.0,2.0,0.0,2.0,3.0,31042.0,['Thibaut Courtois'],"['David Alaba', 'Karim Benzema']",1.0
2018,3,1,2.0,1.0,0.0,0.0,1.0,2.0,4.0,-2.0,0.0,17939.0,['Keylor Navas'],"['Sergio Ramos', 'Karim Benzema']",1.0
2017,3,1,1.0,1.0,1.0,0.0,0.0,2.0,1.0,1.0,3.0,17939.0,['Keylor Navas'],"['Isco', 'Casemiro']",1.0
2016,3,1,1.0,1.0,1.0,0.0,0.0,3.0,2.0,1.0,3.0,17939.0,['Kiko Casilla'],"['Sergio Ramos', 'Dani Carvajal']",1.0
2014,3,1,1.0,1.0,1.0,0.0,0.0,2.0,0.0,2.0,3.0,17939.0,['Iker Casillas'],['Cristiano Ronaldo'],2.0
2002,3,1,1.0,1.0,1.0,0.0,0.0,3.0,1.0,2.0,3.0,17939.0,,,
2000,3,1,2.0,1.0,0.0,0.0,1.0,1.0,2.0,-1.0,0.0,17939.0,,,
2021,7,1,2.0,1.0,0.0,1.0,0.0,1.0,1.0,0.0,1.0,,['Sergio Asenjo'],['Gerard Moreno'],1.0
2022,6,4,,,,,,,,,,40877.0,['Giorgi Mamardashvili'],['Samuel Lino'],1.0
2019,6,4,3.5,1.0,0.0,0.0,1.0,1.0,3.0,-2.0,0.0,40877.0,['Jaume Doménech'],['Daniel Parejo'],1.0
2023,4,2,48.0,4.0,3.0,1.0,0.0,7.0,2.0,5.0,10.0,36703.0,['Álex Remiro'],['Brais Méndez'],3.0
2022,4,3,12.0,8.0,5.0,1.0,2.0,10.0,4.0,6.0,16.0,31548.0,['Álex Remiro'],"['Alexander Sørloth', 'Brais Méndez']",2.0
2021,4,3,146.484375,8.0,2.0,4.0,2.0,12.0,11.0,1.0,10.0,25957.0,['Álex Remiro'],"['Alexander Isak', 'Mikel Oyarzabal']",3.0
2020,4,3,24.0,8.0,2.0,4.0,2.0,5.0,8.0,-3.0,10.0,26957.0,['Álex Remiro'],['Jon Bautista'],2.0
2017,4,3,24.0,8.0,4.0,1.0,3.0,19.0,10.0,9.0,13.0,26957.0,['Gerónimo Rulli'],['Willian José'],5.0
2013,4,2,48.0,8.0,1.0,2.0,5.0,5.0,10.0,-5.0,5.0,28300.0,['Claudio Bravo'],['Carlos Vela'],1.0
2003,4,2,12.0,8.0,2.0,3.0,3.0,8.0,10.0,-2.0,9.0,29148.0,['Sander Westerveld'],['Darko Kovačević'],2.0
1998,4,3,60.0,6.0,5.0,0.0,1.0,14.0,9.0,5.0,15.0,26957.0,,['Darko Kovačević'],8.0
1992,4,3,75.0,2.0,1.0,0.0,1.0,2.0,3.0,-1.0,3.0,26957.0,,"['Miguel Fuentes', 'José María Lumbreras']",1.0
1990,4,3,117.1875,4.0,2.0,0.0,2.0,4.0,4.0,0.0,6.0,26957.0,,"['José María Lumbreras', 'Agustín Gajate']",1.0
2004,6,1,1.0,1.0,1.0,0.0,0.0,2.0,1.0,1.0,3.0,,,,
2023,3,0,2.0,13.0,10.0,2.0,1.0,28.0,9.0,19.0,32.0,69236.0,['Kepa Arrizabalaga'],['Jude Bellingham'],10.0
2022,3,0,2.0,38.0,24.0,6.0,8.0,75.0,36.0,39.0,78.0,56649.0,['Thibaut Courtois'],['Karim Benzema'],19.0
2021,3,0,1.0,38.0,26.0,8.0,4.0,80.0,31.0,49.0,86.0,41235.0,['Thibaut Courtois'],['Karim Benzema'],27.0
2020,3,0,2.0,38.0,25.0,9.0,4.0,67.0,28.0,39.0,84.0,45833.0,['Thibaut Courtois'],['Karim Benzema'],23.0
2019,3,0,1.0,38.0,26.0,9.0,3.0,70.0,25.0,45.0,87.0,45833.0,['Thibaut Courtois'],['Karim Benzema'],21.0
2018,3,0,3.0,38.0,21.0,5.0,12.0,63.0,46.0,17.0,68.0,61040.0,['Thibaut Courtois'],['Karim Benzema'],21.0
2017,3,0,3.0,38.0,22.0,10.0,6.0,94.0,44.0,50.0,76.0,66863.0,['Keylor Navas'],['Cristiano Ronaldo'],26.0
2016,3,0,1.0,38.0,29.0,6.0,3.0,106.0,41.0,65.0,93.0,71977.0,['Keylor Navas'],['Cristiano Ronaldo'],25.0
2015,3,0,2.0,38.0,28.0,6.0,4.0,110.0,34.0,76.0,90.0,71265.0,['Keylor Navas'],['Cristiano Ronaldo'],35.0
2014,3,0,2.0,38.0,30.0,2.0,6.0,118.0,38.0,80.0,92.0,73918.0,['Iker Casillas'],['Cristiano Ronaldo'],48.0
2013,3,0,3.0,38.0,27.0,6.0,5.0,104.0,38.0,66.0,87.0,71558.0,['Diego López'],['Cristiano Ronaldo'],31.0
2012,3,0,2.0,38.0,26.0,7.0,5.0,103.0,42.0,61.0,85.0,68526.0,['Iker Casillas'],['Cristiano Ronaldo'],34.0
2011,3,0,1.0,38.0,32.0,4.0,2.0,121.0,32.0,89.0,100.0,74836.0,['Iker Casillas'],['Cristiano Ronaldo'],46.0
2010,3,0,2.0,38.0,29.0,5.0,4.0,102.0,33.0,69.0,92.0,71289.0,['Iker Casillas'],['Cristiano Ronaldo'],40.0
2009,3,0,2.0,38.0,31.0,3.0,4.0,102.0,35.0,67.0,96.0,74316.0,['Iker Casillas'],['Gonzalo Higuaín'],27.0
2008,3,0,2.0,38.0,25.0,3.0,10.0,83.0,52.0,31.0,78.0,70816.0,['Iker Casillas'],['Gonzalo Higuaín'],22.0
2007,3,0,1.0,38.0,27.0,4.0,7.0,84.0,36.0,48.0,85.0,64426.0,['Iker Casillas'],['Raúl'],18.0
2006,3,0,1.0,38.0,23.0,7.0,8.0,66.0,40.0,26.0,76.0,68846.0,['Iker Casillas'],['Ruud van Nistelrooy'],25.0
2005,3,0,2.0,38.0,20.0,10.0,8.0,70.0,40.0,30.0,70.0,47388.0,['Iker Casillas'],['Ronaldo'],14.0
2004,3,0,2.0,38.0,25.0,5.0,8.0,71.0,32.0,39.0,80.0,68883.0,['Iker Casillas'],['Ronaldo'],21.0
2003,3,0,4.0,38.0,21.0,7.0,10.0,72.0,54.0,18.0,70.0,68892.0,['Iker Casillas'],['Ronaldo'],24.0
2002,3,0,1.0,38.0,22.0,12.0,4.0,86.0,42.0,44.0,78.0,70921.0,['Iker Casillas'],['Ronaldo'],23.0
2001,3,0,3.0,38.0,19.0,9.0,10.0,69.0,44.0,25.0,66.0,63645.0,['Iker Casillas'],['Fernando Morientes'],18.0
2000,3,0,1.0,38.0,24.0,8.0,6.0,81.0,40.0,41.0,80.0,64475.0,['Iker Casillas'],['Raúl'],24.0
1999,3,0,5.0,38.0,16.0,14.0,8.0,58.0,48.0,10.0,62.0,73875.0,['Iker Casillas'],['Raúl'],17.0
1998,3,0,2.0,38.0,21.0,5.0,12.0,77.0,62.0,15.0,68.0,73875.0,,['Raúl'],25.0
1997,3,0,4.0,38.0,17.0,12.0,9.0,63.0,45.0,18.0,63.0,73875.0,,['Fernando Morientes'],12.0
1996,3,0,1.0,42.0,27.0,11.0,4.0,85.0,36.0,49.0,92.0,73875.0,,['Davor Šuker'],24.0
1995,3,0,6.0,42.0,20.0,10.0,12.0,75.0,51.0,24.0,70.0,73875.0,,['Raúl'],19.0
1994,3,0,1.0,38.0,23.0,9.0,6.0,76.0,29.0,47.0,55.0,73875.0,,['Iván Zamorano'],28.0
1993,3,0,4.0,38.0,19.0,7.0,12.0,61.0,50.0,11.0,45.0,73875.0,,"['Iván Zamorano', 'Míchel']",11.0
1992,3,0,2.0,38.0,24.0,9.0,5.0,75.0,28.0,47.0,57.0,73875.0,,['Iván Zamorano'],26.0
1991,3,0,2.0,38.0,23.0,8.0,7.0,78.0,32.0,46.0,54.0,73875.0,,['Fernando Hierro'],21.0
1990,3,0,3.0,38.0,20.0,6.0,12.0,63.0,37.0,26.0,46.0,73875.0,,['Emilio Butragueño'],19.0
1989,3,0,1.0,38.0,26.0,10.0,2.0,107.0,38.0,69.0,62.0,73875.0,,['Hugo Sánchez'],38.0
1988,3,0,1.0,38.0,25.0,12.0,1.0,91.0,37.0,54.0,62.0,73875.0,,['Hugo Sánchez'],27.0
2023,7,3,48.0,3.0,2.0,0.0,1.0,3.0,3.0,0.0,6.0,17458.0,['Pepe Reina'],['Alexander Sørloth'],2.0
2021,7,2,3.5,12.0,5.0,3.0,4.0,20.0,16.0,4.0,18.0,18610.0,['Gerónimo Rulli'],['Arnaut Danjuma'],6.0
2020,7,3,1.0,15.0,12.0,3.0,0.0,31.0,9.0,22.0,39.0,1569.0,['Gerónimo Rulli'],['Gerard Moreno'],7.0
2018,7,3,6.0,12.0,5.0,5.0,2.0,20.0,13.0,7.0,20.0,14796.0,['Andrés Fernández'],['Gerard Moreno'],4.0
2017,7,3,24.0,8.0,3.0,2.0,3.0,11.0,10.0,1.0,11.0,15855.0,['Mariano Barbosa'],['Cédric Bakambu'],3.0
2016,7,3,24.0,8.0,3.0,3.0,2.0,10.0,12.0,-2.0,12.0,17300.0,['Andrés Fernández'],"['Alexandre Pato', 'Rafael Borré']",2.0
2015,7,3,3.5,14.0,9.0,3.0,2.0,23.0,13.0,10.0,30.0,16796.0,['Mariano Barbosa'],['Cédric Bakambu'],9.0
2014,7,3,12.0,12.0,7.0,2.0,3.0,29.0,14.0,15.0,23.0,15110.0,['Sergio Asenjo'],['Luciano Vietto'],6.0
2011,7,2,48.0,8.0,0.0,1.0,7.0,5.0,15.0,-10.0,1.0,17959.0,['Diego López'],"['Cani', 'Jonathan de Guzmán']",1.0
2010,7,3,3.5,16.0,9.0,4.0,3.0,34.0,19.0,15.0,31.0,19442.0,['Diego López'],['Giuseppe Rossi'],11.0
2009,7,3,24.0,10.0,4.0,2.0,4.0,20.0,14.0,6.0,14.0,8750.0,['Ángel López'],"['Giuseppe Rossi', 'Robert Pirès']",2.0
2008,7,2,6.0,10.0,3.0,5.0,2.0,13.0,13.0,0.0,14.0,24700.0,['Diego López'],['Joseba Llorente'],4.0
2007,7,3,24.0,8.0,6.0,1.0,1.0,15.0,6.0,9.0,19.0,8750.0,,['Jon Dahl Tomasson'],5.0
2005,7,2,3.5,14.0,5.0,7.0,2.0,12.0,9.0,3.0,22.0,22917.0,['Sebastián Viera'],['Diego Forlán'],3.0
2004,7,3,6.0,12.0,6.0,5.0,1.0,19.0,6.0,13.0,23.0,8750.0,,"['Antonio Guayre', 'Santi Cazorla']",4.0
2003,7,3,3.5,12.0,5.0,4.0,3.0,16.0,9.0,7.0,19.0,8750.0,,['Sonny Anderson'],6.0
2015,1,1,1.0,1.0,1.0,1.0,0.0,5.0,4.0,1.0,4.0,51940.0,['Marc-André ter Stegen'],['Lionel Messi'],2.0
2011,1,1,1.0,1.0,1.0,0.0,0.0,2.0,0.0,2.0,3.0,51940.0,,,
2009,1,1,1.0,1.0,1.0,0.0,0.0,1.0,0.0,1.0,3.0,51940.0,,,
2006,1,1,2.0,1.0,0.0,0.0,1.0,0.0,3.0,-3.0,0.0,51940.0,,,
2019,6,2,12.0,8.0,3.0,2.0,3.0,13.0,15.0,-2.0,11.0,31599.0,['Jasper Cillessen'],"['Rodrigo', 'Denis Cheryshev']",2.0
2018,6,3,3.5,8.0,5.0,1.0,2.0,14.0,10.0,4.0,16.0,35944.0,['Neto'],"['Kévin Gameiro', 'Gonçalo Guedes']",3.0
2018,6,2,48.0,6.0,2.0,2.0,2.0,6.0,6.0,0.0,8.0,39697.0,['Neto'],"['Santi Mina', 'Carlos Soler']",2.0
2015,6,3,12.0,4.0,3.0,0.0,1.0,12.0,2.0,10.0,9.0,26915.0,['Mathew Ryan'],['Santi Mina'],3.0
2015,6,2,48.0,8.0,3.0,0.0,5.0,9.0,12.0,-3.0,9.0,32902.0,['Jaume Doménech'],"['João Cancelo', 'Sofiane Feghouli']",1.0
2013,6,3,3.5,14.0,6.0,5.0,3.0,26.0,13.0,13.0,23.0,26400.0,['Vicente Guaita'],['Paco Alcácer'],7.0
2012,6,2,12.0,8.0,4.0,2.0,2.0,14.0,8.0,6.0,14.0,30679.0,['Vicente Guaita'],['Jonas'],5.0
2011,6,3,3.5,8.0,2.0,4.0,2.0,14.0,10.0,4.0,10.0,36250.0,['Diego Alves'],['Adil Rami'],3.0
2011,6,2,48.0,6.0,2.0,2.0,2.0,12.0,7.0,5.0,8.0,35308.0,['Diego Alves'],['Roberto Soldado'],5.0
2010,6,2,12.0,8.0,3.0,3.0,2.0,17.0,8.0,9.0,12.0,32412.0,['César Sánchez'],['Roberto Soldado'],6.0
2009,6,3,6.0,14.0,4.0,9.0,1.0,29.0,17.0,12.0,21.0,31833.0,['César Sánchez'],['David Villa'],6.0
2008,6,3,24.0,8.0,3.0,5.0,0.0,14.0,8.0,6.0,14.0,31833.0,,['Fernando Morientes'],3.0
2007,6,2,48.0,8.0,3.0,2.0,3.0,7.0,7.0,0.0,11.0,36500.0,['Santiago Cañizares'],['David Villa'],2.0
2006,6,2,6.0,12.0,5.0,4.0,3.0,19.0,12.0,7.0,19.0,41708.0,['Santiago Cañizares'],['Fernando Morientes'],6.0
2004,6,3,24.0,2.0,1.0,0.0,1.0,2.0,2.0,0.0,3.0,31833.0,,"['Pablo Aimar', 'Marco Di Vaio']",1.0
2004,6,2,48.0,6.0,2.0,1.0,3.0,6.0,10.0,-4.0,7.0,35945.0,['Santiago Cañizares'],['Vicente Rodríguez'],2.0
2003,6,3,1.0,13.0,10.0,2.0,1.0,20.0,5.0,15.0,32.0,31833.0,,['Mista'],5.0
2002,6,2,6.0,14.0,8.0,4.0,2.0,24.0,12.0,12.0,28.0,33909.0,['Santiago Cañizares'],['John Carew'],5.0
2001,6,3,6.0,10.0,5.0,3.0,2.0,20.0,7.0,13.0,18.0,31833.0,,['Juan Sánchez'],4.0
2000,6,2,1.5,19.0,10.0,8.0,2.0,27.0,10.0,17.0,38.0,44519.0,['Santiago Cañizares'],['Juan Sánchez'],5.0
1999,6,2,1.5,19.0,10.0,5.0,5.0,31.0,18.0,13.0,35.0,43430.0,['Santiago Cañizares'],"['Claudio López', 'Gaizka Mendieta']",5.0
1998,6,3,117.1875,4.0,2.0,2.0,0.0,9.0,5.0,4.0,8.0,31833.0,,['Claudio López'],3.0
1996,6,3,6.0,8.0,3.0,3.0,2.0,10.0,7.0,3.0,12.0,31833.0,,"['Claudio López', 'Goran Vlaović']",2.0
1993,6,3,117.1875,4.0,2.0,1.0,1.0,7.0,10.0,-3.0,7.0,31833.0,,['Lyuboslav Penev'],3.0
1992,6,3,75.0,2.0,0.0,0.0,2.0,1.0,6.0,-5.0,0.0,31833.0,,['Roberto Fernández Bonillo'],1.0
1990,6,3,117.1875,4.0,1.0,2.0,1.0,4.0,3.0,1.0,5.0,31833.0,,['Fernando Gómez Colomer'],2.0
2019,2,3,12.0,9.0,5.0,0.0,4.0,11.0,8.0,3.0,15.0,8857.0,['Leandro Chichizola'],"['Ángel Rodríguez', 'Jaime Mata']",3.0
2010,2,3,48.0,8.0,3.0,2.0,3.0,6.0,9.0,-3.0,11.0,1900.0,['Óscar Ustari'],['Pedro Ríos'],2.0
2007,2,3,6.0,12.0,7.0,3.0,2.0,21.0,14.0,7.0,24.0,1900.0,,"['Esteban Granero', 'Pablo Hernández']",4.0
2023,1,0,3.0,13.0,9.0,3.0,1.0,26.0,13.0,13.0,30.0,42219.0,['Marc-André ter Stegen'],['Robert Lewandowski'],7.0
2022,1,0,1.0,38.0,28.0,4.0,6.0,70.0,20.0,50.0,88.0,83498.0,['Marc-André ter Stegen'],['Robert Lewandowski'],23.0
2021,1,0,2.0,38.0,21.0,10.0,7.0,68.0,38.0,30.0,73.0,53982.0,['Marc-André ter Stegen'],['Memphis'],12.0
2020,1,0,3.0,38.0,24.0,7.0,7.0,85.0,38.0,47.0,79.0,54223.0,['Marc-André ter Stegen'],['Lionel Messi'],30.0
2019,1,0,2.0,38.0,25.0,7.0,6.0,86.0,38.0,48.0,82.0,54223.0,['Marc-André ter Stegen'],['Lionel Messi'],25.0
2018,1,0,1.0,38.0,26.0,9.0,3.0,90.0,36.0,54.0,87.0,76104.0,['Marc-André ter Stegen'],['Lionel Messi'],36.0
2017,1,0,1.0,38.0,28.0,9.0,1.0,99.0,29.0,70.0,93.0,67142.0,['Marc-André ter Stegen'],['Lionel Messi'],34.0
2016,1,0,2.0,38.0,28.0,6.0,4.0,116.0,37.0,79.0,90.0,78678.0,['Marc-André ter Stegen'],['Lionel Messi'],37.0
2015,1,0,1.0,38.0,29.0,4.0,5.0,112.0,29.0,83.0,91.0,74655.0,['Claudio Bravo'],['Luis Suárez'],40.0
2014,1,0,1.0,38.0,30.0,4.0,4.0,110.0,21.0,89.0,94.0,77632.0,['Claudio Bravo'],['Lionel Messi'],43.0
2013,1,0,2.0,38.0,27.0,6.0,5.0,100.0,33.0,67.0,87.0,72116.0,['Víctor Valdés'],['Lionel Messi'],28.0
2012,1,0,1.0,38.0,32.0,4.0,2.0,115.0,40.0,75.0,100.0,77973.0,['Víctor Valdés'],['Lionel Messi'],46.0
2011,1,0,2.0,38.0,28.0,7.0,3.0,114.0,29.0,85.0,91.0,84119.0,['Víctor Valdés'],['Lionel Messi'],50.0
2010,1,0,1.0,38.0,30.0,6.0,2.0,95.0,21.0,74.0,96.0,79268.0,['Víctor Valdés'],['Lionel Messi'],31.0
2009,1,0,1.0,38.0,31.0,6.0,1.0,98.0,24.0,74.0,99.0,77106.0,['Víctor Valdés'],['Lionel Messi'],34.0
2008,1,0,1.0,38.0,27.0,6.0,5.0,105.0,35.0,70.0,87.0,71045.0,['Víctor Valdés'],"[""Samuel Eto'o""]",30.0
2007,1,0,3.0,38.0,19.0,10.0,9.0,76.0,43.0,33.0,67.0,76243.0,['Víctor Valdés'],"[""Samuel Eto'o""]",16.0
2006,1,0,2.0,38.0,22.0,10.0,6.0,78.0,33.0,45.0,76.0,82071.0,['Víctor Valdés'],['Ronaldinho'],21.0
2005,1,0,1.0,38.0,25.0,7.0,6.0,80.0,35.0,45.0,82.0,69185.0,['Víctor Valdés'],"[""Samuel Eto'o""]",26.0
2004,1,0,1.0,38.0,25.0,9.0,4.0,73.0,29.0,44.0,84.0,73226.0,['Víctor Valdés'],"[""Samuel Eto'o""]",24.0
2003,1,0,2.0,38.0,21.0,9.0,8.0,63.0,39.0,24.0,72.0,66644.0,['Víctor Valdés'],['Ronaldinho'],15.0
2002,1,0,6.0,38.0,15.0,11.0,12.0,63.0,47.0,16.0,56.0,64849.0,['Roberto Bonano'],['Patrick Kluivert'],16.0
2001,1,0,4.0,38.0,18.0,10.0,10.0,65.0,37.0,28.0,64.0,54211.0,['Roberto Bonano'],['Patrick Kluivert'],18.0
2000,1,0,4.0,38.0,17.0,12.0,9.0,80.0,57.0,23.0,63.0,62632.0,['Pepe Reina'],['Rivaldo'],23.0
1999,1,0,2.0,38.0,19.0,7.0,12.0,70.0,46.0,24.0,64.0,79986.0,['Ruud Hesp'],['Patrick Kluivert'],16.0
1998,1,0,1.0,38.0,24.0,7.0,7.0,87.0,43.0,44.0,79.0,79986.0,,['Rivaldo'],24.0
1997,1,0,1.0,38.0,23.0,5.0,10.0,78.0,56.0,22.0,74.0,79986.0,,['Rivaldo'],19.0
1996,1,0,2.0,42.0,28.0,6.0,8.0,102.0,48.0,54.0,90.0,79986.0,,['Ronaldo'],34.0
1995,1,0,3.0,42.0,22.0,14.0,6.0,72.0,39.0,33.0,80.0,79986.0,,['Òscar'],10.0
1994,1,0,4.0,38.0,18.0,10.0,10.0,60.0,45.0,15.0,46.0,79986.0,,"['Hristo Stoichkov', 'Jordi Cruyff']",9.0
1993,1,0,1.0,38.0,25.0,6.0,7.0,91.0,42.0,49.0,56.0,79986.0,,['Romário'],30.0
1992,1,0,1.0,38.0,25.0,8.0,5.0,87.0,34.0,53.0,58.0,79986.0,,['Hristo Stoichkov'],20.0
1991,1,0,1.0,38.0,23.0,9.0,6.0,87.0,37.0,50.0,55.0,79986.0,,['Hristo Stoichkov'],17.0
1990,1,0,1.0,38.0,25.0,7.0,6.0,74.0,33.0,41.0,57.0,79986.0,,['Hristo Stoichkov'],14.0
1989,1,0,3.0,38.0,23.0,5.0,10.0,83.0,39.0,44.0,51.0,79986.0,,['Julio Salinas'],15.0
1988,1,0,2.0,38.0,23.0,11.0,4.0,80.0,26.0,54.0,57.0,79986.0,,['Julio Salinas'],20.0
2023,7,0,14.0,13.0,3.0,3.0,7.0,18.0,24.0,-6.0,12.0,18231.0,['Filip Jørgensen'],['Gerard Moreno'],8.0
2022,7,0,5.0,38.0,19.0,7.0,12.0,59.0,40.0,19.0,64.0,16406.0,['Pepe Reina'],['Nicolas Jackson'],12.0
2021,7,0,7.0,38.0,16.0,11.0,11.0,63.0,37.0,26.0,59.0,14293.0,['Gerónimo Rulli'],['Arnaut Danjuma'],10.0
2020,7,0,7.0,38.0,15.0,13.0,10.0,60.0,44.0,16.0,58.0,253.0,['Sergio Asenjo'],['Gerard Moreno'],23.0
2019,7,0,5.0,38.0,18.0,6.0,14.0,63.0,49.0,14.0,60.0,11321.0,['Sergio Asenjo'],['Gerard Moreno'],18.0
2018,7,0,14.0,38.0,10.0,14.0,14.0,49.0,52.0,-3.0,44.0,16732.0,['Sergio Asenjo'],['Karl Toko Ekambi'],10.0
2017,7,0,5.0,38.0,18.0,7.0,13.0,57.0,50.0,7.0,61.0,16779.0,['Sergio Asenjo'],['Carlos Bacca'],15.0
2016,7,0,5.0,38.0,19.0,10.0,9.0,56.0,33.0,23.0,67.0,17870.0,['Sergio Asenjo'],['Cédric Bakambu'],11.0
2015,7,0,4.0,38.0,18.0,10.0,10.0,44.0,35.0,9.0,64.0,17660.0,['Alphonse Areola'],['Cédric Bakambu'],12.0
2014,7,0,6.0,38.0,16.0,12.0,10.0,48.0,37.0,11.0,60.0,15660.0,['Sergio Asenjo'],['Luciano Vietto'],12.0
2013,7,0,6.0,38.0,17.0,8.0,13.0,60.0,44.0,16.0,59.0,16280.0,['Sergio Asenjo'],['Ikechukwu Uche'],13.0
2012,7,6,2.0,42.0,21.0,14.0,7.0,68.0,38.0,30.0,77.0,10601.0,['Juan Carlos'],['Ikechukwu Uche'],14.0
2011,7,0,18.0,38.0,9.0,14.0,15.0,39.0,53.0,-14.0,41.0,18000.0,['Diego López'],['Marco Ruben'],9.0
2010,7,0,4.0,38.0,18.0,8.0,12.0,54.0,44.0,10.0,62.0,18826.0,['Diego López'],['Giuseppe Rossi'],18.0
2009,7,0,7.0,38.0,16.0,8.0,14.0,58.0,57.0,1.0,56.0,17089.0,['Diego López'],['Nilmar'],11.0
2008,7,0,5.0,38.0,18.0,11.0,9.0,61.0,54.0,7.0,65.0,18195.0,['Diego López'],['Joseba Llorente'],15.0
2007,7,0,2.0,38.0,24.0,5.0,9.0,63.0,40.0,23.0,77.0,19442.0,['Diego López'],['Nihat Kahveci'],18.0
2006,7,0,5.0,38.0,18.0,8.0,12.0,48.0,44.0,4.0,62.0,18251.0,['Sebastián Viera'],['Diego Forlán'],19.0
2005,7,0,7.0,38.0,14.0,15.0,9.0,50.0,39.0,11.0,57.0,17526.0,['Sebastián Viera'],['Juan Román Riquelme'],12.0
2004,7,0,3.0,38.0,18.0,11.0,9.0,69.0,37.0,32.0,65.0,17895.0,['Pepe Reina'],['Diego Forlán'],24.0
2003,7,0,8.0,38.0,15.0,9.0,14.0,47.0,49.0,-2.0,54.0,16016.0,['Pepe Reina'],['Sonny Anderson'],12.0
2002,7,0,15.0,38.0,11.0,12.0,15.0,44.0,53.0,-9.0,45.0,17126.0,['Pepe Reina'],"['Jorge López', 'Víctor']",8.0
2001,7,0,15.0,38.0,11.0,10.0,17.0,46.0,55.0,-9.0,43.0,16137.0,['Javier López Vallejo'],['Víctor'],14.0
2000,7,0,7.0,38.0,16.0,9.0,13.0,58.0,52.0,6.0,57.0,15368.0,['Javier López Vallejo'],['Víctor'],14.0
1998,7,0,18.0,38.0,8.0,12.0,18.0,47.0,63.0,-16.0,36.0,15368.0,,['Gheorghe Craioveanu'],13.0
2023,1,2,48.0,4.0,3.0,0.0,1.0,8.0,2.0,6.0,9.0,41199.0,['Marc-André ter Stegen'],"['Ferrán Torres', 'João Félix']",2.0
2022,1,3,146.484375,2.0,0.0,1.0,1.0,3.0,4.0,-1.0,1.0,90225.0,['Marc-André ter Stegen'],"['Marcos Alonso', 'Robert Lewandowski']",1.0
2022,1,2,48.0,6.0,2.0,1.0,3.0,12.0,12.0,0.0,7.0,84576.0,['Marc-André ter Stegen'],['Robert Lewandowski'],5.0
2021,1,3,6.0,6.0,2.0,3.0,1.0,10.0,8.0,2.0,9.0,71578.0,['Marc-André ter Stegen'],"['Ferrán Torres', 'Pierre-Emerick Aubameyang']",2.0
2021,1,2,48.0,6.0,2.0,1.0,3.0,2.0,9.0,-7.0,7.0,45092.0,['Marc-André ter Stegen'],"['Gerard Piqué', 'Ansu Fati']",1.0
2020,1,2,12.0,8.0,5.0,1.0,2.0,18.0,10.0,8.0,16.0,60809.0,['Marc-André ter Stegen'],['Lionel Messi'],5.0
2019,1,2,6.0,9.0,5.0,3.0,1.0,15.0,14.0,1.0,18.0,60809.0,['Marc-André ter Stegen'],['Luis Suárez'],5.0
2018,1,2,3.5,12.0,8.0,3.0,1.0,26.0,10.0,16.0,27.0,86178.0,['Marc-André ter Stegen'],['Lionel Messi'],12.0
2017,1,2,6.0,10.0,6.0,3.0,1.0,17.0,6.0,11.0,21.0,73861.0,['Marc-André ter Stegen'],['Lionel Messi'],6.0
2016,1,2,6.0,10.0,6.0,1.0,3.0,26.0,12.0,14.0,19.0,85863.0,['Marc-André ter Stegen'],['Lionel Messi'],11.0
2015,1,2,6.0,10.0,7.0,2.0,1.0,22.0,8.0,14.0,23.0,74651.0,['Marc-André ter Stegen'],['Luis Suárez'],8.0
2014,1,2,1.0,13.0,11.0,0.0,2.0,31.0,11.0,20.0,33.0,89813.0,['Marc-André ter Stegen'],"['Lionel Messi', 'Neymar']",10.0
2013,1,2,6.0,10.0,5.0,3.0,2.0,21.0,8.0,13.0,18.0,76033.0,['Víctor Valdés'],['Lionel Messi'],8.0
2012,1,2,3.5,12.0,4.0,5.0,3.0,18.0,17.0,1.0,17.0,81477.0,['Víctor Valdés'],['Lionel Messi'],8.0
2011,1,2,3.5,12.0,6.0,5.0,1.0,35.0,10.0,25.0,23.0,77953.0,['Víctor Valdés'],['Lionel Messi'],14.0
2010,1,2,1.0,13.0,8.0,4.0,1.0,30.0,9.0,21.0,28.0,85535.0,['Víctor Valdés'],['Lionel Messi'],12.0
2009,1,2,3.5,12.0,3.0,7.0,2.0,20.0,10.0,10.0,16.0,82627.0,['Víctor Valdés'],['Lionel Messi'],8.0
2008,1,2,1.0,15.0,8.0,6.0,2.0,36.0,14.0,22.0,30.0,72869.0,['Víctor Valdés'],['Lionel Messi'],9.0
2007,1,2,3.5,12.0,8.0,3.0,1.0,18.0,6.0,12.0,27.0,78218.0,['Víctor Valdés'],['Lionel Messi'],6.0
2006,1,2,12.0,8.0,4.0,2.0,2.0,14.0,6.0,8.0,14.0,85626.0,['Víctor Valdés'],['Eiður Guðjohnsen'],3.0
2005,1,2,1.0,13.0,9.0,5.0,0.0,24.0,5.0,19.0,32.0,88420.0,['Víctor Valdés'],['Ronaldinho'],7.0
2004,1,2,12.0,8.0,4.0,1.0,3.0,13.0,11.0,2.0,13.0,67579.0,['Víctor Valdés'],"[""Samuel Eto'o"", 'Ronaldinho']",4.0
2003,1,3,93.75,8.0,5.0,2.0,1.0,17.0,3.0,14.0,17.0,71578.0,,['Ronaldinho'],4.0
2002,1,2,6.0,16.0,13.0,2.0,1.0,31.0,9.0,22.0,41.0,62785.0,['Roberto Bonano'],['Javier Saviola'],7.0
2001,1,2,3.5,18.0,10.0,4.0,4.0,28.0,20.0,8.0,34.0,69863.0,['Roberto Bonano'],['Patrick Kluivert'],6.0
2000,1,3,3.5,8.0,4.0,2.0,2.0,13.0,6.0,7.0,14.0,71578.0,,['Rivaldo'],5.0
2000,1,2,183.10546875,6.0,2.0,2.0,2.0,13.0,9.0,4.0,8.0,81667.0,['Richard Dutruel'],['Rivaldo'],6.0
1999,1,2,3.5,16.0,11.0,3.0,2.0,45.0,23.0,22.0,36.0,70750.0,['Ruud Hesp'],['Rivaldo'],10.0
1998,1,2,48.0,6.0,2.0,2.0,2.0,11.0,9.0,2.0,8.0,70750.0,,['Sonny Anderson'],4.0
1997,1,2,48.0,8.0,3.0,2.0,3.0,11.0,16.0,-5.0,11.0,70750.0,,['Luis Enrique'],3.0
1995,1,3,3.5,10.0,6.0,3.0,1.0,31.0,10.0,21.0,21.0,71578.0,,['Roger'],4.0
1994,1,2,6.0,8.0,2.0,3.0,3.0,13.0,11.0,2.0,7.0,70750.0,,"['Hristo Stoichkov', 'José Mari Bakero']",3.0
1993,1,2,1.5,12.0,8.0,2.0,2.0,26.0,12.0,14.0,18.0,70750.0,,['Ronald Koeman'],8.0
1992,1,2,12.0,4.0,1.0,2.0,1.0,4.0,4.0,0.0,4.0,70750.0,,['Txiki Begiristain'],2.0
1991,1,2,1.0,11.0,7.0,1.0,3.0,17.0,8.0,9.0,15.0,70750.0,,['Hristo Stoichkov'],4.0
2023,6,0,9.0,13.0,5.0,3.0,5.0,16.0,18.0,-2.0,18.0,43277.0,['Giorgi Mamardashvili'],['Hugo Duro'],6.0
2022,6,0,16.0,38.0,11.0,9.0,18.0,42.0,45.0,-3.0,42.0,40602.0,['Giorgi Mamardashvili'],"['Samuel Lino', 'Justin Kluivert']",6.0
2021,6,0,9.0,38.0,11.0,15.0,12.0,48.0,53.0,-5.0,48.0,27349.0,['Giorgi Mamardashvili'],"['Gonçalo Guedes', 'Carlos Soler']",11.0
2020,6,0,13.0,38.0,10.0,13.0,15.0,50.0,53.0,-3.0,43.0,142.0,['Jaume Doménech'],['Carlos Soler'],11.0
2019,6,0,9.0,38.0,14.0,11.0,13.0,46.0,53.0,-7.0,53.0,29658.0,['Jasper Cillessen'],['Maxi Gómez'],10.0
2018,6,0,4.0,38.0,15.0,16.0,7.0,51.0,35.0,16.0,61.0,39504.0,['Neto'],['Daniel Parejo'],9.0
2017,6,0,4.0,38.0,22.0,7.0,9.0,65.0,38.0,27.0,73.0,38607.0,['Neto'],['Rodrigo'],16.0
2016,6,0,12.0,38.0,13.0,7.0,18.0,56.0,65.0,-9.0,46.0,33866.0,['Diego Alves'],"['Simone Zaza', 'Santi Mina']",6.0
2015,6,0,12.0,38.0,11.0,11.0,16.0,46.0,48.0,-2.0,44.0,37544.0,['Jaume Doménech'],['Paco Alcácer'],13.0
2014,6,0,4.0,38.0,22.0,11.0,5.0,70.0,32.0,38.0,77.0,44239.0,['Diego Alves'],['Daniel Parejo'],12.0
2013,6,0,8.0,38.0,13.0,10.0,15.0,51.0,53.0,-2.0,49.0,36435.0,['Diego Alves'],['Jonas'],10.0
2012,6,0,5.0,38.0,19.0,8.0,11.0,67.0,54.0,13.0,65.0,34658.0,['Diego Alves'],['Roberto Soldado'],24.0
2011,6,0,3.0,38.0,17.0,10.0,11.0,59.0,44.0,15.0,61.0,42116.0,['Vicente Guaita'],['Roberto Soldado'],17.0
2010,6,0,3.0,38.0,21.0,8.0,9.0,64.0,44.0,20.0,71.0,39963.0,['Vicente Guaita'],['Roberto Soldado'],18.0
2009,6,0,3.0,38.0,21.0,8.0,9.0,59.0,40.0,19.0,71.0,41221.0,['César Sánchez'],['David Villa'],21.0
2008,6,0,6.0,38.0,18.0,8.0,12.0,68.0,54.0,14.0,62.0,34789.0,['Renan Brito Soares'],['David Villa'],28.0
2007,6,0,10.0,38.0,15.0,6.0,17.0,48.0,62.0,-14.0,51.0,39641.0,['Timo Hildebrand'],['David Villa'],18.0
2006,6,0,4.0,38.0,20.0,6.0,12.0,57.0,42.0,15.0,66.0,40005.0,['Santiago Cañizares'],['David Villa'],16.0
2005,6,0,3.0,38.0,19.0,12.0,7.0,58.0,33.0,25.0,69.0,36126.0,['Santiago Cañizares'],['David Villa'],25.0
2004,6,0,7.0,38.0,14.0,16.0,8.0,54.0,39.0,15.0,58.0,43895.0,['Santiago Cañizares'],['Marco Di Vaio'],11.0
2003,6,0,1.0,38.0,23.0,8.0,7.0,71.0,27.0,44.0,77.0,45563.0,['Santiago Cañizares'],['Mista'],19.0
2002,6,0,5.0,38.0,17.0,9.0,12.0,56.0,35.0,21.0,60.0,45773.0,['Santiago Cañizares'],"['Pablo Aimar', 'Fábio Aurélio']",8.0
2001,6,0,1.0,38.0,21.0,12.0,5.0,51.0,27.0,24.0,75.0,45211.0,['Santiago Cañizares'],['Rubén Baraja'],7.0
2000,6,0,5.0,38.0,18.0,9.0,11.0,55.0,34.0,21.0,63.0,42737.0,['Santiago Cañizares'],['Juan Sánchez'],12.0
1999,6,0,3.0,38.0,18.0,10.0,10.0,59.0,39.0,20.0,64.0,45253.0,['Santiago Cañizares'],['Gaizka Mendieta'],13.0
1998,6,0,4.0,38.0,19.0,8.0,11.0,63.0,39.0,24.0,65.0,45253.0,,['Claudio López'],21.0
1997,6,0,9.0,38.0,16.0,7.0,15.0,58.0,52.0,6.0,55.0,45253.0,,"['Adrian Ilie', 'Claudio López']",12.0
1996,6,0,10.0,42.0,15.0,11.0,16.0,63.0,59.0,4.0,56.0,45253.0,,"['Goran Vlaović', 'Leandro Machado']",8.0
1995,6,0,2.0,42.0,26.0,5.0,11.0,77.0,51.0,26.0,83.0,45253.0,,['Predrag Mijatović'],28.0
1994,6,0,10.0,38.0,13.0,12.0,13.0,53.0,48.0,5.0,38.0,45253.0,,['Predrag Mijatović'],12.0
1993,6,0,7.0,38.0,14.0,12.0,12.0,55.0,50.0,5.0,40.0,45253.0,,['Predrag Mijatović'],16.0
1992,6,0,4.0,38.0,19.0,10.0,9.0,60.0,33.0,27.0,48.0,45253.0,,['Lyuboslav Penev'],20.0
1991,6,0,4.0,38.0,20.0,7.0,11.0,63.0,42.0,21.0,47.0,45253.0,,['Lyuboslav Penev'],13.0
1990,6,0,7.0,38.0,15.0,10.0,13.0,44.0,40.0,4.0,40.0,45253.0,,['Fernando Gómez Colomer'],10.0
1989,6,0,2.0,38.0,20.0,13.0,5.0,67.0,42.0,25.0,53.0,45253.0,,"['Fernando Gómez Colomer', 'Lyuboslav Penev']",13.0
1988,6,0,3.0,38.0,18.0,13.0,7.0,39.0,26.0,13.0,49.0,45253.0,,['Fernando Gómez Colomer'],14.0
2023,3,2,48.0,4.0,4.0,0.0,0.0,9.0,3.0,6.0,12.0,66858.0,['Kepa Arrizabalaga'],['Jude Bellingham'],3.0
2022,3,2,3.5,12.0,8.0,2.0,2.0,26.0,13.0,13.0,26.0,58761.0,['Thibaut Courtois'],['Vinicius Júnior'],7.0
2021,3,2,1.0,13.0,9.0,0.0,4.0,29.0,14.0,15.0,27.0,48111.0,['Thibaut Courtois'],['Karim Benzema'],15.0
2020,3,2,3.5,12.0,6.0,3.0,3.0,19.0,14.0,5.0,21.0,70438.0,['Thibaut Courtois'],['Karim Benzema'],6.0
2019,3,2,12.0,8.0,3.0,2.0,3.0,16.0,12.0,4.0,11.0,70438.0,['Thibaut Courtois'],['Karim Benzema'],5.0
2018,3,2,12.0,8.0,5.0,0.0,3.0,15.0,10.0,5.0,15.0,66314.0,['Thibaut Courtois'],['Karim Benzema'],4.0
2017,3,2,1.0,13.0,9.0,2.0,2.0,33.0,16.0,17.0,29.0,75398.0,['Keylor Navas'],['Cristiano Ronaldo'],15.0
2016,3,2,1.0,13.0,9.0,3.0,1.0,35.0,18.0,17.0,30.0,75547.0,['Keylor Navas'],['Cristiano Ronaldo'],12.0
2015,3,2,1.0,13.0,9.0,3.0,1.0,28.0,6.0,22.0,30.0,72831.0,['Keylor Navas'],['Cristiano Ronaldo'],16.0
2014,3,2,3.5,12.0,8.0,2.0,2.0,24.0,9.0,15.0,26.0,71579.0,['Iker Casillas'],['Cristiano Ronaldo'],10.0
2013,3,2,1.0,13.0,10.0,2.0,1.0,41.0,10.0,31.0,32.0,78426.0,['Iker Casillas'],['Cristiano Ronaldo'],17.0
2012,3,2,3.5,12.0,5.0,4.0,3.0,26.0,18.0,8.0,19.0,71313.0,['Diego López'],['Cristiano Ronaldo'],12.0
2011,3,2,3.5,12.0,7.0,4.0,1.0,35.0,9.0,26.0,25.0,67644.0,['Iker Casillas'],['Cristiano Ronaldo'],10.0
2010,3,2,3.5,12.0,7.0,4.0,1.0,25.0,6.0,19.0,25.0,71583.0,['Iker Casillas'],"['Karim Benzema', 'Cristiano Ronaldo']",6.0
2009,3,2,12.0,8.0,4.0,2.0,2.0,16.0,9.0,7.0,14.0,75800.0,['Iker Casillas'],['Cristiano Ronaldo'],7.0
2008,3,2,12.0,8.0,4.0,0.0,4.0,9.0,10.0,-1.0,12.0,68750.0,['Iker Casillas'],"['Raúl', 'Ruud van Nistelrooy']",3.0
2007,3,2,12.0,8.0,3.0,2.0,3.0,15.0,13.0,2.0,11.0,75532.0,['Iker Casillas'],['Raúl'],5.0
2006,3,2,12.0,8.0,4.0,2.0,2.0,18.0,12.0,6.0,14.0,71854.0,['Iker Casillas'],['Ruud van Nistelrooy'],6.0
2005,3,2,12.0,8.0,3.0,2.0,3.0,10.0,9.0,1.0,11.0,69796.0,['Iker Casillas'],"['Iván Helguera', 'Raúl']",2.0
2004,3,2,12.0,10.0,6.0,2.0,2.0,17.0,11.0,6.0,20.0,67193.0,['Iker Casillas'],"['Luís Figo', 'Raúl']",4.0
2003,3,2,6.0,10.0,6.0,3.0,1.0,18.0,11.0,7.0,21.0,59429.0,['Iker Casillas'],['Ronaldo'],4.0
2002,3,2,3.5,16.0,7.0,5.0,4.0,33.0,22.0,11.0,26.0,65062.0,['Iker Casillas'],['Raúl'],9.0
2001,3,2,1.0,17.0,12.0,4.0,2.0,35.0,14.0,21.0,40.0,71805.0,['César Sánchez'],['Raúl'],6.0
2000,3,2,3.5,16.0,9.0,2.0,5.0,35.0,23.0,12.0,29.0,58164.0,['Iker Casillas'],['Raúl'],7.0
1999,3,2,1.0,17.0,10.0,4.0,4.0,35.0,23.0,12.0,34.0,48078.0,['Iker Casillas'],['Raúl'],10.0
1998,3,2,6.0,8.0,4.0,1.0,3.0,18.0,11.0,7.0,13.0,48078.0,,"['Raúl', 'Sávio']",3.0
1997,3,2,1.0,11.0,7.0,3.0,1.0,22.0,5.0,17.0,24.0,48078.0,,"['Fernando Morientes', 'Davor Šuker']",4.0
1995,3,2,6.0,8.0,4.0,1.0,3.0,12.0,7.0,5.0,13.0,48078.0,,['Raúl'],6.0
1994,3,3,60.0,6.0,3.0,1.0,2.0,11.0,8.0,3.0,10.0,,,['Iván Zamorano'],3.0
1992,3,3,6.0,8.0,5.0,1.0,2.0,18.0,11.0,7.0,16.0,,,"['Fernando Hierro', 'Iván Zamorano']",5.0
1991,3,3,3.5,10.0,6.0,2.0,2.0,15.0,8.0,7.0,20.0,,,['Gheorghe Hagi'],3.0
1990,3,2,6.0,6.0,3.0,2.0,1.0,22.0,7.0,15.0,11.0,48078.0,,['Sebastián Losada'],5.0
2023,2,5,75.0,1.0,1.0,0.0,0.0,12.0,0.0,12.0,3.0,2002.0,['Daniel Fuzato'],['Óscar Rodríguez Arnaiz'],3.0
2022,2,5,24.0,3.0,2.0,0.0,1.0,7.0,5.0,2.0,6.0,2002.0,['Kiko Casilla'],['Munir El Haddadi'],4.0
2021,2,5,117.1875,2.0,1.0,0.0,1.0,5.0,6.0,-1.0,3.0,2002.0,['Rubén Yáñez'],['Jaime Mata'],3.0
2020,2,5,33.0,2.0,1.0,0.0,1.0,2.0,2.0,0.0,3.0,2002.0,"['David Soria', 'Rubén Yáñez']","['Ángel Rodríguez', 'Enes Ünal']",1.0
2019,2,5,33.0,2.0,1.0,0.0,1.0,2.0,3.0,-1.0,3.0,2002.0,,,
2018,2,5,5.0,6.0,4.0,1.0,1.0,11.0,6.0,5.0,13.0,2002.0,['Leandro Chichizola'],['Ángel Rodríguez'],5.0
2017,2,5,17.0,2.0,0.0,0.0,2.0,0.0,4.0,-4.0,0.0,7731.0,['Emiliano Martínez'],,
2016,2,5,44.0,1.0,0.0,0.0,1.0,0.0,1.0,-1.0,0.0,5000.0,['Alberto García'],,
2015,2,5,17.0,2.0,1.0,0.0,1.0,3.0,3.0,0.0,3.0,5000.0,['Balázs Megyeri'],"['Santiago Vergini', 'Álvaro Vázquez']",1.0
2014,2,5,5.0,6.0,3.0,1.0,2.0,7.0,4.0,3.0,10.0,833.0,"['Jordi Codina', 'Jonathan López']","['Álvaro Vázquez', 'Pablo Sarabia']",2.0
2023,5,5,75.0,1.0,1.0,0.0,0.0,3.0,0.0,3.0,3.0,28104.0,['Ørjan Nyland'],"['Rafa Mir', 'Youssef En-Nesyri']",1.0
2022,5,5,6.0,5.0,4.0,0.0,1.0,12.0,2.0,10.0,12.0,28104.0,['Marko Dmitrović'],['Youssef En-Nesyri'],4.0
2021,5,5,12.0,4.0,2.0,1.0,1.0,5.0,3.0,2.0,7.0,28104.0,['Marko Dmitrović'],['Rafa Mir'],2.0
2020,5,5,3.0,7.0,6.0,0.0,1.0,12.0,3.0,9.0,18.0,28104.0,['Yassine Bounou'],['Luuk de Jong'],3.0
2019,5,5,9.0,4.0,3.0,0.0,1.0,10.0,4.0,6.0,9.0,28104.0,['Tomáš Vaclík'],"['Fernando', 'Lucas Ocampos']",1.0
2018,5,5,5.0,6.0,3.0,1.0,2.0,7.0,8.0,-1.0,10.0,6636.0,['Juan Soriano'],"['André Silva', 'Wissam Ben Yedder']",2.0
2017,5,5,2.0,9.0,7.0,1.0,1.0,19.0,9.0,10.0,22.0,5878.0,['Sergio Rico'],['Joaquín Correa'],5.0
2016,5,5,9.0,4.0,2.0,1.0,1.0,17.0,8.0,9.0,7.0,23937.0,['David Soria'],['Wissam Ben Yedder'],5.0
2015,5,5,2.0,9.0,7.0,1.0,1.0,22.0,4.0,18.0,22.0,3667.0,['Sergio Rico'],['Michael Krohn-Dehli'],3.0
2014,5,5,5.0,6.0,5.0,0.0,1.0,19.0,6.0,13.0,15.0,3667.0,['Sergio Rico'],['Iago Aspas'],7.0
